Truy vấn phổ biến nhất,Lượt nhấp,Lượt hiển thị,CTR,Vị trí
twitter image quality,1,2,50%,4
does teams compress images,0,37,0%,8.14
does slack compress images,0,36,0%,9.58
png to jpg convertissima.online,0,20,0%,141.95
compressimg,0,16,0%,12.44
jpg to webp,0,14,0%,121.43
does slack reduce image quality,0,11,0%,8.09
compress image to 100kb,0,10,0%,65.7
png to webp convertissima.online,0,10,0%,95.8
avif to jpg,0,9,0%,122.56
thumbnail compressor,0,7,0%,43.14
compress photo to 100kb,0,7,0%,69.14
how to reduce image size below 100 kb,0,7,0%,79.43
image compressor to 100kb,0,6,0%,48
how to reduce image to 100kb,0,6,0%,68.17
how to make photo size less than 100kb,0,5,0%,88.2
photo compressor to 100kb,0,4,0%,51.75
5mb,0,4,0%,61.5
gif compressor,0,4,0%,86.25
gif size reducer,0,4,0%,90.5
reduce gif size,0,4,0%,90.75
what is webp,0,4,0%,97.5
why do exported images look blurry on social media,0,3,0%,9
does microsoft teams compress images,0,3,0%,9.67
does discord compress images,0,3,0%,69
10 mb photo size converter,0,3,0%,77.33
compress gif size,0,3,0%,83.33
gif reduce size,0,3,0%,88.67
does ms teams compress images,0,2,0%,7.5
teams compressing images,0,2,0%,10.5
compress to 100kb,0,2,0%,47
4mb image,0,2,0%,48
compress photo 100kb,0,2,0%,49
resize image to 5mb,0,2,0%,61
3 mb pictures,0,2,0%,64
image compress to 100kb,0,2,0%,67
discord image compression,0,2,0%,67.5
compress image to 100 kb,0,2,0%,68.5
compress jpg online,0,2,0%,68.5
5 mb image,0,2,0%,73
image compressor 100kb,0,2,0%,74
jpg file size compressor online,0,2,0%,76
reduce jpg file size,0,2,0%,78.5
compress gif online,0,2,0%,79.5
compress size of jpg,0,2,0%,80
convert jpg to webp,0,2,0%,80.5
photo compressor 300kb,0,2,0%,82.5
reduce jpg file size free,0,2,0%,85
compress gif,0,2,0%,85.5
how to stop discord from compressing images,0,2,0%,86.5
compress image 100kb,0,2,0%,89
animated gif size reducer,0,2,0%,90
webp file format,0,2,0%,98.5
linkedin post image dimensions,0,1,0%,2
webp to jpg,0,1,0%,7
does linkedin compress images,0,1,0%,11
why does my exported image look blurry on social media,0,1,0%,12
compress foto 100kb,0,1,0%,40
how to reduce thumbnail size in youtube,0,1,0%,42
picture compress to 100kb,0,1,0%,47
photo compress to 100kb,0,1,0%,48
compress image for youtube thumbnail,0,1,0%,50
kompres foto 100kb,0,1,0%,50
100kb image,0,1,0%,53
100 kb jpg,0,1,0%,55
4 mb picture,0,1,0%,56
how to make pic size 100 kb,0,1,0%,56
100kb picture,0,1,0%,57
5mb photo size,0,1,0%,58
100 kb image,0,1,0%,60
convert to 5mb jpg,0,1,0%,60
img heic meaning,0,1,0%,60
compress to 2 mb,0,1,0%,61
5mb image,0,1,0%,62
discord image compressor,0,1,0%,65
image compressor to 5mb,0,1,0%,65
compress image under 100kb,0,1,0%,66
compress jpg file size,0,1,0%,66
2mb image,0,1,0%,68
10mb picture,0,1,0%,69
compress jpg size,0,1,0%,69
online reduce jpg file size,0,1,0%,69
photo compress 50 to 100 kb jpg,0,1,0%,69
10 mb size image download,0,1,0%,70
convert picture to 1mb free,0,1,0%,71
size compress jpg,0,1,0%,71
compress image to 100kb free online,0,1,0%,72
image compressor to 10mb,0,1,0%,72
image compressor for discord,0,1,0%,73
5mb size images,0,1,0%,74
bitmap file to jpg,0,1,0%,74
image reduce to 100 kb,0,1,0%,74
photo compressor to 10mb,0,1,0%,74
reduce file size to 300 kb,0,1,0%,74
10 mb size image converter,0,1,0%,75
100kb jpg,0,1,0%,75
4 mb size image download,0,1,0%,75
compress animated gif,0,1,0%,75
compress image to 1mb,0,1,0%,75
compress size jpg,0,1,0%,75
300 kb converter,0,1,0%,76
batch compress,0,1,0%,76
convert image to 300kb,0,1,0%,77
shrink file size jpg,0,1,0%,77
2mb photo converter,0,1,0%,78
jpg compress free,0,1,0%,78
online reduce size of jpeg,0,1,0%,78
pic compressor to 100kb,0,1,0%,78
why does instagram compress photos,0,1,0%,78
300 kb photo size,0,1,0%,79
batch compress images,0,1,0%,79
how to make a picture less than 5mb,0,1,0%,79
image compressor to 1mb,0,1,0%,79
jpg compress online,0,1,0%,79
reduce file size gif,0,1,0%,79
compress gif to 8mb,0,1,0%,80
compress image to 300kb,0,1,0%,80
compress picture to 100kb,0,1,0%,80
webp full form,0,1,0%,80
compress to 1mb,0,1,0%,81
convert to 2 mb jpg,0,1,0%,81
1 mb size image download,0,1,0%,82
compress without losing quality,0,1,0%,82
gif smaller,0,1,0%,82
jpg size compress,0,1,0%,82
2mb photo size,0,1,0%,83
compress animated gif online,0,1,0%,83
convert bitmap to jpeg,0,1,0%,83
converter webp,0,1,0%,83
slack profile image size,0,1,0%,83
image compressor to 100 kb,0,1,0%,84
jpg to webp converter,0,1,0%,84
reduce jpeg file size free,0,1,0%,84
resize image 2mb,0,1,0%,84
100 kb picture,0,1,0%,85
5 mb size image converter,0,1,0%,86
jpg compress file,0,1,0%,86
file size reducer gif,0,1,0%,87
free gif compression,0,1,0%,87
image compressor to 300kb,0,1,0%,87
reduce size of jpg photo,0,1,0%,87
what is a heic format,0,1,0%,87
gif compressor free,0,1,0%,88
shrink gif file size,0,1,0%,88
shrink jpg size,0,1,0%,88
what is a .heic,0,1,0%,88
gif to jpeg,0,1,0%,89
heic format,0,1,0%,89
image compressor in 100 kb,0,1,0%,89
optimize gif online,0,1,0%,89
photo to 100kb,0,1,0%,89
shrink jpg file size,0,1,0%,89
bmp jpeg,0,1,0%,90
decrease gif file size,0,1,0%,90
heic image format,0,1,0%,90
heic photos,0,1,0%,90
jpg reduce size,0,1,0%,90
what is heic format for photos,0,1,0%,90
decrease jpg file size,0,1,0%,91
file compressor jpg,0,1,0%,91
reduce gif file size,0,1,0%,91
compress image to 2 mb,0,1,0%,92
jpg reduce file size,0,1,0%,92
reduce animated gif size,0,1,0%,92
comprees image to 100 kb,0,1,0%,93
convert photo to 2 mb,0,1,0%,93
make gif size smaller,0,1,0%,93
what webp,0,1,0%,93
jpg file size reducer,0,1,0%,94
heic file,0,1,0%,95
heic file type,0,1,0%,95
thumbnail compression,0,1,0%,95
compress image for discord,0,1,0%,96
compress png lossless,0,1,0%,96
how to make pictures smaller for instagram,0,1,0%,96
how to make a photo under 2mb,0,1,0%,97
webp image format,0,1,0%,97
online compress gif,0,1,0%,99
webp stands for,0,1,0%,99
file extension webp,0,1,0%,100
gif comrpessor,0,1,0%,100
webp converter,0,1,0%,100
webp files,0,1,0%,100
what is webp file,0,1,0%,100
img compressor to 100 kb,0,1,0%,133